{
  "1153327988-1153798694": {
    "torque known": [
      5
    ],
    "torque measured": [
      0.002609455,
      0.002609455,
      0.002609455,
      0.002609455,
      0.002609455,
      0.002609455,
      0.002609455,
      0.002609455,
      0.002609455,
      0.002609455,
      0.002609455,
      0.002609455,
      0.002609455
    ]
  }
}